advertisers_name,total_spend_usd,total_ads,ad_saturation_pct
"Hidden Gem Benefits",71597,123794,13.56
"Blue Brain Hack",82351,100540,11.01
"Blue Brain Booster",57225,94895,10.39
"Brain Boost Blue",49997,82514,9.04
"Mental Clearance",42366,45213,4.95
BiotechLabs.shop,19540,20494,2.24
"Mitochondria Booster",15232,13832,1.51
"Healing Methylene",9829,13396,1.47
"Tired of Being Tired",7620,11688,1.28
"Stronger Together",6113,8411,0.92
"Important Patriot Updates",4039,7104,0.78
"Trending In The USA",1253072,5001,0.55
"BL Shops US",7797,4997,0.55
"Homeowners Benefit Hub",234970,4896,0.54
MoveOn,999018,4652,0.51
