region,amount_spent_usd
ALABAMA,1881216
ALASKA,453344
"AMERICAN SAMOA",≤100
ARIZONA,3139230
ARKANSAS,1445908
CALIFORNIA,16344763
COLORADO,2639440
CONNECTICUT,1504276
DELAWARE,404520
FLORIDA,8657091
GEORGIA,3923514
GUAM,486
HAWAII,399345
IDAHO,866965
ILLINOIS,4482817
INDIANA,3021215
IOWA,1664433
KANSAS,1321899
KENTUCKY,1693233
LOUISIANA,2273024
MAINE,1016131
MARYLAND,2384072
MASSACHUSETTS,2888843
MICHIGAN,5218965
MINNESOTA,2266298
MISSISSIPPI,855944
MISSOURI,2366997
MONTANA,776012
NEBRASKA,665666
NEVADA,1105153
"NEW HAMPSHIRE",588922
"NEW JERSEY",4141483
"NEW MEXICO",770511
"NEW YORK",8304666
"NORTH CAROLINA",5017935
"NORTH DAKOTA",213637
"NORTHERN MARIANA ISLANDS",≤100
OHIO,4714458
OKLAHOMA,1488743
OREGON,1729098
PENNSYLVANIA,6318742
"PUERTO RICO",3100
"RHODE ISLAND",364503
"SOUTH CAROLINA",1941719
"SOUTH DAKOTA",624342
TENNESSEE,3004541
TEXAS,11940052
UNKNOWN,7767
UTAH,1382890
VERMONT,291384
"VIRGIN ISLANDS (U.S.)",637
VIRGINIA,5516767
WASHINGTON,3073990
"WASHINGTON, DISTRICT OF COLUMBIA",1116535
"WEST VIRGINIA",672211
WISCONSIN,1922452
WYOMING,413777
