advertisers_name,total_spend_usd,number_of_ads,avg_spend_per_ad
"American Prosperity Alliance",7700134,1433,5373
"Progressive Turnout Project",3362958,303,11099
Democrats,2555697,2897,882
PragerU,2395743,1843,1300
"Jon Ossoff",2043785,236,8660
"America's Plastic Makers",1790702,2686,667
JPMorganChase,1656902,168,9863
"Medi Health Benefits",1604105,3868,415
"World Central Kitchen",1541318,638,2416
"James Talarico",1509277,74,20396
"Gavin Newsom",1499406,44,34077
"Senior Health Daily USA",1480478,3567,415
"Sandy Hook Promise",1460565,837,1745
"Americans for Prosperity",1365385,1271,1074
"End The Wokeness",1298582,657,1977
"Trending In The USA",1253072,5001,251
"Golden Help For All",1035451,2791,371
AARP,1006657,331,3041
"Environmental Defense Fund",968713,991,978
"USA Veteran Benefits",938763,1166,805
"Everyday Help",926082,2627,353
"What's Up With Hate",903620,36,25101
"Electric For All",903069,707,1277
ACLU,861735,590,1461
"Department of Homeland Security",812465,30,27082
