Location name,Amount spent (USD)
Alabama,1881216
Alaska,453344
American Samoa,≤100
Arizona,3139230
Arkansas,1445908
California,16344763
Colorado,2639440
Connecticut,1504276
Delaware,404520
Florida,8657091
Georgia,3923514
Guam,486
Hawaii,399345
Idaho,866965
Illinois,4482817
Indiana,3021215
Iowa,1664433
Kansas,1321899
Kentucky,1693233
Louisiana,2273024
Maine,1016131
Maryland,2384072
Massachusetts,2888843
Michigan,5218965
Minnesota,2266298
Mississippi,855944
Missouri,2366997
Montana,776012
Nebraska,665666
Nevada,1105153
New Hampshire,588922
New Jersey,4141483
New Mexico,770511
New York,8304666
North Carolina,5017935
North Dakota,213637
Northern Mariana Islands,≤100
Ohio,4714458
Oklahoma,1488743
Oregon,1729098
Pennsylvania,6318742
Puerto Rico,3100
Rhode Island,364503
South Carolina,1941719
South Dakota,624342
Tennessee,3004541
Texas,11940052
Unknown,7767
Utah,1382890
Vermont,291384
Virgin Islands (U.S.),637
Virginia,5516767
Washington,3073990
"Washington, District of Columbia",1116535
West Virginia,672211
Wisconsin,1922452
Wyoming,413777