page_id,advertisers_name,spend_usd,spend_per_ad
104333155007424,"Isaac Bryan for California State Assembly",105018,1072
596725506866587,"Concealed permit USA",104743,219
102568576103681,"TPUSA Events",104143,2741
160548967143243,"American Prosperity Alliance",7700134,5373
185345145515229,"Clean Power Alliance",104103,194
555787351119974,"Coalition to Strengthen America's Healthcare",103993,1168
112258312240526,"Con Edison",292388,1700
1615018905412860,"Progressive Turnout Project",3362958,11099
6130721655,"Philadelphia Inquirer",57429,149
29727753421,"New Jersey Education Association",103903,174
6240652407,"Young America's Foundation",103404,1543
23875187730,"Feeding America",103019,206
127225910653607,PragerU,2395743,1300
47710973068,"Voices for Cooperative Power",281269,369
109807658885522,"Dan Osborn",102919,2100
688756910990610,"Blue Brain Booster",57225,1
12301006942,Democrats,2177475,1013
309798029121030,"Everytown for Gun Safety",102875,152
849435898245660,"American Resurgence",102860,1094
342294162453301,"Planned Parenthood",278387,120
533771319829121,"Connor's Law",57191,3010
118152441212175,"Digital Innovation for America",102710,755
6041057841,"Humane World for Animals",275388,363
43005439032,"American Diabetes Association",102527,505
152264148166020,"Moms Clean Air Force",56654,529
7263476274,"Mercy Corps",101906,447
1336293769761923,"Jon Ossoff",2043785,8660
1375618656016062,"Deb Haaland",100267,44
368817339645592,"Profitable Patriotic News",272111,562
575983418922432,"Tariffs Cost US",56619,1155
18479402361,"No Kid Hungry",97876,523
106244251043808,"America's Plastic Makers",1790702,667
529594453913030,"Lara Trump",97582,3485
115919458070391,"Isaiah Martin",269919,934
8321461609,MomsRising.org,56087,158
11465191261,JPMorganChase,1656902,9863
192013990902459,"Roy Cooper",263365,351
648064358395423,"Freedom Carry Permits",55913,80
694915353700163,"Medi Health Benefits",1604105,415
113739140024951,"Tech News Now",262696,1799
138767276677841,"Deja Foxx",55906,2431
51405613519,"Focus on the Family",96139,763
121268821249550,"World Central Kitchen",1541318,2416
114803404894874,"Ohio Women Lead Right",55801,6975
117914551249533,"Autopilot - copy politicians' trades",262566,2409
485069708027339,"American Benefits Digest",95902,119
83996318078,Change.org,261702,170
203946182950612,"Maryland Department of Health",95745,694
216397232833,"Penzeys Spices",261129,10043
97493741436,"John W. Hickenlooper",95594,7353
115852244762685,"Sports Betting Alliance",259811,2147
584869581374000,"State + Local Election Alliance",95491,13642
6266829799,"Sherrod Brown",259224,916
100403528653081,"Punchbowl News",94232,668
244206136147015,"Winsome Earle-Sears",258383,5742
552000451341096,"Put Families First",94204,335
18079407397,CPAC,251953,335
592707041080920,"Stand Together",93901,278
768790119642330,"Commonwealth Courier",246994,5146
30914589895,"The International Fellowship of Christians and Jews",244234,806
130945114804,"World Jewish Congress",93025,1861
562141203655423,"Your City Your Future",92982,4043
38471053686,"Elizabeth Warren",92897,182
319689884555113,"Republican State",237925,91
1510375282625630,"American Liberty Report",92224,2096
101165966152,AFL-CIO,237597,13200
160630887998827,"Let Them Live",92218,55
255062275778,"Tim Tebow Foundation",237078,426
840808129360255,"Patients Rising",91582,314
115172918146348,PatriotAddict.com,236566,176
135341373539,"The Michael J. Fox Foundation for Parkinson's Research",91134,1688
112735922758892,"Charlie Kirk",90551,3018
111824001908,"Hakeem Jeffries",235856,995
456661777528008,"Homeowners Benefit Hub",234970,48
154561574598964,"White Coat Waste",231691,666
471134912978464,"Alex Padilla",90162,9016
113315321857971,"Shawn Harris for Georgia",230986,6079
113668017062690,"Citizens For Free Enterprise",89996,552
702129672985673,"Saving College Sports",229317,438
474227102732389,"Turning Point Action",89129,362
1626884974030414,"James Talarico",1509277,20396
112023608220001,"Giveback Hotline",228648,224
11111618026,"Union of Concerned Scientists",89118,990
10128918116,"Gavin Newsom",1499406,36571
11791104453,NRDC,227870,991
116850341317501,"GOP Gear",88628,191
200650357207240,"I Love My Freedom",226396,284
525697187442438,"Blood Cancer United Advocacy",87334,1164
671689696026760,"Senior Health Daily USA",1480478,415
15239367801,"The Wilderness Society",225999,715
181467702005600,"Mark Warner VA",87291,529
309308412520731,"Sandy Hook Promise",1460565,1745
202071006601223,GoodParty.org,221469,233
605168822998856,"314 Action",86736,269
24330467048,"Americans for Prosperity",1365385,1074
114008535880,"Foundation for Individual Rights and Expression",86702,2408
100494606092644,"End The Wokeness",1298582,1977
338894695979502,"Abortion Access Now",86700,5100
502825919575360,"Trending In The USA",1253072,251
676364112225877,"Golden Help For All",1035451,371
